,Fund Name,P1,P2,P3,P4,P5,Topsis Score,Rank
0,M1,0.3720618686854283,0.3746564057704745,0.2683370280921586,0.3430346461103785,0.3399335964692841,0.4090345488499491,8
1,M2,0.28620143745032944,0.22110869848749312,0.2683370280921586,0.47696849200207997,0.45886080223113274,0.4947593257266959,6
2,M3,0.3386717009828898,0.3070954145659627,0.3415198539354746,0.4305016475090407,0.4236781705265859,0.5025109193374226,5
3,M4,0.4388422040905051,0.5220622047621366,0.4065712546850888,0.33278460688397277,0.34365007164934186,0.42855612973842233,7
4,M5,0.3339016770253843,0.3009535062746434,0.3659141292165799,0.2972511375657662,0.30475096476473723,0.5515927680609075,1
5,M6,0.3052815332803514,0.25181823994408936,0.30899415356066745,0.3184345519670047,0.31862580543695285,0.529432311473607,3
6,M7,0.2957414853653404,0.23339251507013165,0.3008627284669657,0.3198012238638588,0.3191213354609606,0.532351675433787,2
7,M8,0.42453213221798863,0.48521075501422106,0.5041483558095101,0.2583009885054244,0.28294764370839826,0.5256614097602305,4
