,Fund Name,P1,P2,P3,P4,P5,Topsis Score,Rank
0,M1,0.7441237373708566,0.749312811540949,0.8050110842764757,1.0291039383311356,1.3597343858771365,0.45377495142077695,2
1,M2,0.5724028749006589,0.44221739697498624,0.8050110842764757,1.4309054760062399,1.835443208924531,0.4298786061046523,4
2,M3,0.6773434019657796,0.6141908291319254,1.0245595618064238,1.2915049425271221,1.6947126821063436,0.40723587422007973,8
3,M4,0.8776844081810102,1.0441244095242732,1.2197137640552664,0.9983538206519182,1.3746002865973674,0.42254140852781996,6
4,M5,0.6678033540507686,0.6019070125492868,1.0977423876497396,0.8917534126972986,1.219003859058949,0.41126757103144107,7
5,M6,0.6105630665607028,0.5036364798881787,0.9269824606820023,0.9553036559010142,1.2745032217478114,0.4281456519958418,5
6,M7,0.5914829707306808,0.4667850301402633,0.9025881854008971,0.9594036715915764,1.2764853418438424,0.43035763467853266,3
7,M8,0.42453213221798863,0.48521075501422106,0.5041483558095101,0.2583009885054244,0.28294764370839826,0.5766025541664168,1
